Sex, Age,Town,Educational level,Experience,Position,department,BdIn1,BdIn2,BdIn3,BdIn4,BdEn1,BdEn2,BdEn3,BdEn4,BdEn5,BdIn1,BdIn2,BdIn3,BdIn4,BdOp1,BdOp2,BdOp3,BdOp4,BdPi1,BdPi2
Male,19-36,AA,Master degree,>10,Leader,International Wholesale,5,5,5,4,2,3,4,3,2,2,3,2,3,3,4,3,2,3,3
Female,19-36,AA,Bachler Degree,>10,Expert ,Marketing,3,5,3,5,4,4,5,5,4,5,4,5,5,4,4,4,5,5,4
Female,37-52,AA,Bachler Degree,>10,PA,Marketing,3,5,3,5,4,4,5,5,4,5,4,5,5,4,4,4,5,5,4
Male,37-52,AA,Master degree,>10,specialist,Strategy,4,4,3,3,3,3,4,3,3,4,4,4,4,3,3,4,4,4,4
Male,37-52,AA,Master degree,>10,Manager,Manager,5,5,4,3,4,5,5,4,2,5,3,3,3,3,2,4,2,4,4
Female,19-36,AA,Bachler Degree,6_10,,Marketing,4,5,4,4,5,5,5,3,4,4,5,3,4,4,4,4,5,5,3
Female,19-36,AA,Master degree,6_10,Specialist,Marketing,4,5,3,2,2,5,3,3,3,3,3,3,3,3,3,3,3,3,4
Female,19-36,AA,Bachler Degree,6_10,Specialist,Marketing,4,5,5,5,5,5,4,4,4,5,5,5,5,5,5,5,5,5,5
Female,19-36,AA,Bachler Degree,6_10,Specialist,wholesale,3,4,3,3,3,3,3,3,4,4,3,4,3,3,2,3,3,3,3
Male,19-36,AA,Master degree,6_10,Specialist,Marketing,5,5,4,3,4,4,3,4,3,4,4,3,3,4,4,3,3,3,3
Male,37-52,AA,Master degree,>10,Supervisor,Marketing,3,5,4,2,3,3,3,2,4,4,4,4,4,4,4,4,2,4,4
Male,19-36,AA,Master degree,>10,Other,Other,5,5,5,3,3,5,5,3,3,3,3,5,5,3,3,3,4,3,3
Male,19-36,AA,Bachler Degree,6_10,Expert ,Strategy,1,5,1,1,3,4,2,1,1,1,1,1,3,4,2,2,2,2,2
Male,37-52,AA,Master degree,>10,Analyst,Marketing,4,4,4,2,3,4,4,2,2,3,2,2,3,2,3,2,3,2,2
Male,19-36,AA,Master degree,>10,Manager,Marketing,3,5,3,2,2,5,2,1,1,1,2,3,5,2,2,2,2,2,2
Male,37-52,AA,Master degree,>10,Manager,Customer Experience and Quality Management Division,4,5,4,3,4,5,3,3,4,4,4,4,3,4,3,3,3,4,4
Male,19-36,AA,Master degree,6_10,specialist,Strategy,3,5,3,3,3,5,3,3,3,4,2,3,5,4,4,3,2,4,4
Male,37-52,AA,Master degree,6_10,Manager,Marketing,3,4,4,3,4,4,4,3,3,3,4,3,4,3,3,3,3,3,3
Male,37-52,AA,Bachler Degree,6_10,specialist,Strategy,4,4,3,3,4,5,4,3,3,3,3,3,4,4,3,3,4,4,4
Male,19-36,AA,Bachler Degree,>10,Manager,Strategy,5,5,4,3,4,4,4,3,3,5,4,3,5,3,4,4,3,4,4
Female,19-36,AA,Master degree,>10,Expert ,Strategy,3,5,3,4,4,3,3,3,4,4,4,3,4,3,3,3,3,3,3
Male,37-52,AA,master�s degree  ,>10,Manager,MD,4,3,3,3,3,3,3,3,3,3,3,3,2,2,2,2,2,2,2
Male,19-36,AA,Bachler Degree,6_10,specialist,Customer Experience and Quality Management Division,4,5,5,5,4,5,4,4,4,5,4,5,5,5,3,4,5,3,3
Male,19-36,AA,Bachler Degree,>10,specialist,Marketing,4,4,3,4,3,3,3,2,3,4,4,3,3,4,3,3,3,4,4
Male,37-52,AA,Bachler Degree,>10,specialist,Marketing,3,5,3,3,3,4,3,3,3,3,3,3,3,3,3,3,3,3,3
Female,19-36,AA,Master degree,6_10,Expert ,Strategy,5,5,4,3,4,5,4,4,4,4,4,4,5,5,3,5,,,
Male,19-36,AA,Master degree,6_10,Expert ,Strategy,4,4,4,4,4,4,4,5,4,4,4,5,4,4,4,4,4,3,4
Male,19-36,AA,Bachler Degree,6_10,Expert ,Strategy,5,5,3,2,4,4,4,1,1,1,2,3,2,3,3,2,2,3,2
Female,19-36,AA,Master degree,>10,Expert ,Marketing,5,4,3,4,3,4,4,3,3,4,4,3,4,4,3,3,4,3,3
Female,19-36,AA,Master degree,>10,Expert ,operation management,3,4,3,2,3,4,4,4,3,2,2,3,3,4,3,3,3,2,2
Female,19-36,AA,Bachler Degree,6_10,Technician,Marketing,3,2,2,3,2,5,2,2,2,2,2,2,4,2,4,2,3,3,4
Male,19-36,AA,Master degree,6_10,Expert ,Strategy,4,5,5,2,2,5,3,4,2,1,4,4,5,4,2,1,1,4,4
Male,37-52,AA,Master degree,>10,Supervisor,Strategy,5,4,5,4,5,5,4,5,1,2,2,3,4,4,4,4,5,3,3
Female,19-36,AA,Bachler Degree,6_10,specialist,Marketing,3,4,4,4,4,4,4,4,4,4,4,4,4,4,4,4,4,4,4
Female,19-36,AA,Bachler Degree,6_10,specialist,Marketing,4,4,4,4,4,4,4,3,4,4,3,4,3,4,3,3,4,4,3
Male,37-52,AA,Bachler Degree,>10,specialist,Marketing,3,4,3,3,4,4,3,3,3,4,4,5,4,3,3,3,3,4,4
Female,37-52,AA,Bachler Degree,>10,Leader,Marketing(Roaming),4,5,4,4,4,4,4,4,4,4,4,4,4,4,4,4,4,4,4
Female,19-36,AA,Bachler Degree,6_10,Supervisor,Operation & Project Management section,4,4,4,2,3,4,4,3,3,4,3,4,4,4,3,3,3,2,2
Female,19-36,AA,Master degree,>10,Supervisor,Marketing,4,5,3,2,2,4,2,2,2,2,2,2,3,4,4,2,2,2,2
Male,19-36,AA,Bachler Degree,>10,Leader,Marketing,4,5,4,3,4,5,4,3,2,3,3,3,4,3,3,4,3,3,3
Male,19-36,AA,Master degree,>10,Expert ,Marketing,3,4,2,2,2,4,2,2,2,3,2,2,2,3,3,3,3,2,3
Male,19-36,AA,Bachler Degree,6_10,specialist,Strategy,4,5,4,4,4,3,4,5,4,3,4,5,5,4,3,4,3,4,4
Male,19-36,AA,Master degree,6_10,Expert ,Marketing,3,4,2,2,2,4,2,2,2,4,4,4,4,4,2,2,2,2,2
Male,19-36,AA,Master degree,>10,Supervisor,Marketing,4,5,3,3,4,4,3,3,3,3,3,3,3,3,3,3,3,3,3
Male,19-36,AA,Master degree,>10,Supervisor,Marketing,3,5,2,2,2,4,2,2,2,2,2,2,2,2,2,2,2,2,2
Male,37-52,AA,Bachler Degree,>10,Director,Operation,4,5,5,3,3,4,5,4,3,5,4,3,5,3,3,3,3,3,3
,,,,,,Titem otal,174,209,162,143,155,191,163,144,135,156,151,157,174,161,146,145,142,147,145
,,,,,,Item Average ,3.782608696,4.543478261,3.52173913,3.108695652,3.369565217,4.152173913,3.543478261,3.130434783,2.934782609,3.391304348,3.282608696,3.413043478,3.782608696,3.5,3.173913043,3.152173913,3.086956522,3.195652174,3.152173913
,,,,,,Level Average,,3.739130435,,,,3.426086957,,,,,3.467391304,,,,3.22826087,,,3.173913043,
,,,,,,,,,,,,,,,,,,,,,,,,,
,,,,,,,,,,,,,,,,,,,,,,,,,
,,,,,,,,,,,,,,,,,,,,,,,,,
,,,,,,,,,,,,Maturity Level,Average,,,,,,,,,,,,
,,,,,,,,,,,,Intiating(1),3.73913,,,,,,,,,,,,
,,,,,,,,,,,,Enabling(2),3.426087,,,,,,,,,,,,
,,,,,,,,,,,,Integrating(3),3.467391,,,,,,,,,,,,
,,,,,,,,,,,,Optimizing(4),3.228261,,,,,,,,,,,,
,,,,,,,,,,,,Pioneerning(5),3.173913,,,,,,,,,,,,
,,,,,,,,,,,,Average,3.4069564,,,,,,,,,,,,
