Sex, Age,Town,Educational level,Experience,Position,department,cuIn1,cuIn2,cuIn3,cuIn4,CuEn1,CuEn2,CuEn3,CuEn4,CuIn1,CuIn2,CuIn13,CuIn4,CuOp1,CuOp2,CuOp3,CuOp4,CuPi11,CuPi12
Female,19-20,AA,Master degree,3_5,Advisor,HR,1,1,1,1,1,1,2,3,3,1,1,1,1,1,1,1,1,2
Male,37-52,AA,Master degree,>10,Supervisor,Customer Service,5,5,5,3,4,4,4,4,4,2,4,4,5,5,5,3,5,5
Male,19-20,AA,bachler degree,1_2,Advisor,Customer Service,5,4,4,4,4,4,4,4,4,4,5,4,4,4,4,4,4,4
Female,19-20,AA,bachler degree,3_5,Advisor,Customer Service,2,3,3,3,3,4,4,4,4,3,3,4,4,3,3,2,,
Female,19-20,AA,Master degree,3_5,Advisor,Customer Service,4,4,4,4,4,4,4,4,4,4,4,3,3,4,4,4,4,4
Male,19-20,AA,bachler degree,1_2,CCA,Customer Service,5,4,4,5,2,4,5,3,5,3,4,5,4,5,4,4,5,
Female,19-20,AA,Master degree,1_2,expert,Customer Service,4,4,4,4,4,4,4,4,3,5,3,2,5,3,4,2,,
Male,19-20,AA,bachler degree,1_2,CCA,other,5,5,4,4,3,5,5,5,3,5,4,3,5,3,5,5,5,5
Male,19-20,AA,bachler degree,>10,Supervisor,Customer Service,4,3,4,4,4,4,4,2,4,3,3,4,4,4,4,3,4,3
Male,19-20,AA,bachler degree,1_2,Officer,Customer Service,4,4,4,3,4,4,4,4,3,4,4,3,4,4,3,2,4,3
Female,19-20,AA,bachler degree,1_2,Advisor,Customer Service,4,3,3,4,3,3,4,4,3,4,5,4,4,4,4,4,5,3
Female,19-20,AA,bachler degree,1_2,Advisor,Customer Service,4,3,3,4,3,3,4,4,3,4,3,4,4,3,3,3,4,3
Female,19-20,AA,Master degree,3_5,Advisor,Customer Service,4,3,4,4,4,3,4,2,3,4,3,3,4,3,4,4,3,4
Female,19-20,AA,bachler degree,3_5,Advisor,Customer Service,1,1,2,1,1,3,3,3,3,3,3,1,1,3,3,3,3,3
Male,19-20,AA,bachler degree,1_2,Advisor,Customer Service,3,4,4,1,3,3,3,3,3,3,3,3,3,3,3,3,3,3
Female,19-20,AA,bachler degree,3_5,Advisor,Customer Service,2,3,3,3,3,3,4,4,4,4,3,3,4,4,3,3,2,3
Male,19-20,AA,bachler degree,1_2,Advisor,Customer Service,5,4,4,4,4,5,5,5,4,5,4,5,4,5,4,5,5,4
Female,19-20,AA,bachler degree,6_10,Csadvisor,Customer Service,5,4,5,2,4,4,4,3,5,3,3,5,3,5,5,4,5,5
Female,19-20,AA,bachler degree,1_2,CCAdvisor,Customer Service,4,4,4,4,4,4,5,5,3,3,5,4,2,4,4,4,4,3
Female,19-20,AA,Master degree,6_10,Specialist,Customer Service,5,5,5,5,1,5,3,4,5,4,3,4,3,5,5,3,2,2
Female,19-20,AA,bachler degree,1_2,Specialist,Customer Service,5,5,4,4,4,4,5,3,4,4,4,3,3,4,4,4,4,5
Male,19-20,AA,Master degree,>10,Supervisor,Customer Service,4,4,4,3,3,4,4,4,4,4,4,4,4,4,4,4,4,4
Female,19-20,AA,bachler degree,1_2,Advisor,Customer Service,5,5,4,5,4,4,5,5,4,5,5,5,5,4,5,5,4,5
Male,19-20,AA,bachler degree,1_2,contact center ,Customer Service,5,5,3,3,3,2,2,2,2,3,3,3,3,4,2,3,4,5
Female,19-20,AA,bachler degree,1_2,Advisor,Customer Service,5,4,4,5,4,4,5,4,5,3,4,4,5,4,3,2,3,2
Male,19-20,AA,bachler degree,1_2,Advisor,Customer Service,4,3,3,3,4,4,3,3,3,4,3,3,4,4,3,3,4,3
Male,19-20,AA,bachler degree,1_2,contact center ,Customer Service,5,5,3,3,3,2,2,2,2,2,4,4,4,4,2,3,4,5
Male,19-20,AA,bachler degree,1_2,Advisor,Customer Service,5,4,4,5,3,4,5,4,5,3,4,4,5,4,3,2,3,2
Male,19-20,AA,Master degree,1_2,Advisor,Customer Service,4,4,5,4,3,,4,4,4,3,4,3,3,4,4,4,3,3
Female,19-20,AA,bachler degree,1_2,Advisor,Customer Service,4,3,3,3,4,4,3,3,3,4,3,3,4,3,3,4,3,3
Female,19-20,AA,bachler degree,1_2,Advisor,Customer Service,4,4,4,4,3,3,3,3,3,3,3,3,3,3,3,3,3,3
Male,19-20,AA,Master degree,6_10,Advisor,Customer Service,5,5,5,4,5,5,5,4,4,5,4,4,5,5,4,4,5,5
Female,19-20,AA,bachler degree,>10,Advisor,Customer Service,4,5,4,4,4,4,4,4,5,5,4,4,4,5,4,4,5,5
Male,19-20,AA,bachler degree,1_2,Advisor,Customer Service,4,4,4,4,3,4,3,4,3,2,2,4,4,4,2,2,4,2
Male,19-20,AA,bachler degree,1_2,Advisor,Customer Service,5,5,4,5,3,3,3,4,4,5,5,4,5,4,5,5,5,4
Male,19-20,AA,bachler degree,1_2,Advisor,Customer Service,5,3,3,2,3,3,4,4,3,4,3,4,3,4,3,3,3,3
Female,37-52  ,AA,bachler degree,>10,Supervisor,Customer Service,5,4,3,3,3,4,4,4,3,4,3,3,3,3,3,3,3,4
Male,19-20,AA,Master degree,6_10,CCcoach,Customer Service,4,4,3,3,4,4,3,4,3,3,4,3,3,3,4,3,4,4
Female,19-20,AA,bachler degree,6_10,Advisor,Customer Service,4,4,2,5,5,4,2,5,3,3,3,3,3,4,5,5,4,5
Female,19-20,AA,bachler degree,1_2,Advisor,Customer Service,4,4,4,4,2,2,4,4,3,4,4,4,5,4,3,4,3,2
Male,19-20,AA,Diploma,1_2,CCAdvisor,Customer Service,3,3,4,3,2,2,4,3,3,3,4,4,3,2,4,3,2,3
Female,19-20,AA,bachler degree,6_10,other,Customer Service,4,4,4,4,3,4,3,4,4,3,4,4,4,4,3,4,4,4
Female,19-20,AA,bachler degree,1_2,contact center ,Customer Service,5,5,5,3,3,4,3,4,2,4,3,3,3,3,3,3,3,3
,,,,,,Item Total,178,167,160,153,141,152,162,159,152,154,154,152,159,162,154,146,152,143
,,,,,,Item Average,4.139534884,3.88372093,3.720930233,3.558139535,3.279069767,3.619047619,3.76744186,3.697674419,3.534883721,3.581395349,3.581395349,3.534883721,3.697674419,3.76744186,3.581395349,3.395348837,3.707317073,3.575
,,,,,,Level Average,,3.825581395,,,,3.590808416,,,,3.558139535,,,,3.610465116,,,3.641158537,
,,,,,,,CUSTOMER,,,,,,,,,,,,,,,,,
,,,,,,,Maturity Level,,,,,,,,,,,,,,,,,
,,,,,,,Intiating(1),3.825581,,,,,,,,,,,,,,,,
,,,,,,,Enabling(2),3.590808,,,,,,,,,,,,,,,,
,,,,,,,Integrating(3),3.55814,,,,,,,,,,,,,,,,
,,,,,,,Optimizing(4),3.610465,,,,,,,,,,,,,,,,
,,,,,,,Pioneerning(5),3.641159,,,,,,,,,,,,,,,,
,,,,,,,Average,3.6452306,,,,,,,,,,,,,,,,
