Sex, Age,Town,Educational level,Experience in year,Position,department,OrIn1,OrIn2,OrIn3,OrEn1,OrEn2,OrEn3,OrEn4,OrIn1,OrIn2,OrIn3,OrIn4,OrIn5,OrOp1,OrOp2,OrOp3,OrPi1,OrPi2,OrPi3
Female,19-36,AA,master Degree,10-Jun,WND ,WND,4,4,4,5,3,4,4,5,4,4,4,4,4,4,4,4,4,5
Female,37-52,AA,master Degree,10-Jun,Supervisor,WS&OPMO ,5,5,5,5,5,5,5,4,4,4,5,3,4,4,3,4,5,4
Male,37-52,AA,Master Degree,>10,Manager,O&M,3,3,4,3,3,3,4,2,4,3,4,4,3,3,3,2,5,2
Male,37-52,AA,master Degree,10-Jun,Manager,SMC,4,4,4,3,3,4,3,4,3,3,4,3,4,3,4,3,4,3
Male,37-52,AA,master Degree,>10,Specialist,FAN pro,3,4,4,4,4,4,4,4,4,3,4,3,4,4,4,4,4,4
Male,19-36,AA,master Degree,10-Jun,Expert,SMC,3,4,4,5,4,3,4,5,4,5,4,5,4,3,3,3,5,4
Male,37-52,AA,master Degree,>10,Expert,O&M,4,4,4,4,4,4,3,4,3,4,4,3,3,3,3,4,4,3
Male,19-36,AA,Bachler Degree,5-Mar,Manager,SMC,5,5,5,4,3,5,5,5,5,5,5,5,5,5,5,5,5,5
Female,19-36,AA,Bachler Degree,5-Mar,Manager,SMC,4,4,4,4,3,4,5,3,4,4,3,4,4,3,4,4,4,5
Female,37-52  ,AA,Bachler Degree,>10,Manager,Other,4,4,4,4,3,4,5,3,4,4,3,4,4,3,4,4,5,3
Male,19-36,AA,master Degree,10-Jun,Specialist,Strategy,5,5,4,4,4,4,5,4,4,4,4,4,4,4,5,5,5,4
Female,19-36,AA,Bachler Degree,10-Jun,Expert,O&M,4,4,4,4,4,4,4,4,3,4,4,4,3,4,4,3,4,3
Male,37-52  ,AA,Bachler Degree,10-Jun,Specialist,SMC,4,4,4,4,3,4,4,4,3,5,4,4,5,4,4,5,5,3
Female,19-36,AA,Bachler Degree,10-Jun,Analyst,WND,5,5,4,4,4,5,5,5,4,4,5,5,4,4,5,4,5,5
Female,19-36,AA,bachler Degree,5-Mar,Analyst,O&M,5,5,5,5,5,4,5,5,4,4,5,4,5,4,4,4,4,4
Female,19-36,AA,bachler Degree,10-Jun,Manager,O&M,3,3,4,4,3,3,2,2,3,3,2,5,3,2,2,3,4,2
Female,19-36,AA,bachler Degree,5-Mar,Specialist,Strategy,3,4,3,4,4,3,3,4,3,3,3,3,3,3,3,3,3,3
Male,19-36,AA,Master Degree,>10,Expert,Resource Management &coordination,3,3,4,4,1,1,4,4,4,3,4,4,3,4,3,3,4,4
Male,,AA,bachler Degree,>10,Supervisor,SMS,3,3,4,4,3,3,4,3,3,4,3,3,4,4,4,3,3,3
Female,19-36,AA,bachler Degree,5-Mar,Specialist,SOC,3,3,4,4,3,3,4,3,3,4,3,3,4,4,4,3,3,3
,,,,,,Item Total,77,80,82,82,69,74,82,77,73,77,77,77,77,72,75,73,85,72
,,,,,,Item Average,3.85,4,4.1,4.1,3.45,3.7,4.1,3.85,3.65,3.85,3.85,3.85,3.85,3.6,3.75,3.65,4.25,3.6
,,,,,,,,,,,,,,,,,,,,,,,,
,,,,,,average Level,,3.983333333,,3.8375,,,,,3.81,,,,,3.733333333,,,3.833333333,
,,,,,,,,,,,,,,,,,,,,,,,,
,,,,,,Mturity level,,,,,,,,,,,,,,,,,,
,,,,,,,,,,,,,,,,,,,,,,,,
,,,,,,,Maturity Level,Average,,,,,,,,,,,,,,,,
,,,,,,,Intiating(1),3.983333,,,,,,,,,,,,,,,,
,,,,,,,Enabling(2),3.8375,,,,,,,,,,,,,,,,
,,,,,,,Integrating(3),3.81,,,,,,,,,,,,,,,,
,,,,,,,Optimizing(4),3.733333,,,,,,,,,,,,,,,,
,,,,,,,Pioneerning(5),3.833333,,,,,,,,,,,,,,,,
,,,,,,,Average,3.8394998,,,,,,,,,,,,,,,,
