Sex, Age,Town,Educational level,Experience,Position,department,Orin1,Orin2,Orin3,Oren1,Oren2,Oren3,Oren4,OrIt1,OrIt2,OrIt3,OrIt4,OpTi1,OpTi2,OpTi3,OpPi1,OpPi1,OpPi3,OpPi4
Male,19-36,AA,Master degree,6_10,expert,HR,4,5,5,4,5,5,5,5,5,5,5,5,5,5,5,5,2,5
Female,37-52,AA,bachler degree,3_5,Other,HR,5,5,4,4,4,4,4,4,4,4,4,4,4,4,4,5,4,4
Male,19-36,AA,Master degree,3_5,Specialist,HR,4,3,4,4,4,4,4,3,4,4,3,4,4,3,4,3,4,4
Male,19-36,AA,bachler degree,1_2,Other,HR,5,5,5,4,5,5,5,5,5,5,4,5,5,5,5,5,5,2
Female,19-36,AA,bachler degree,3_5,Accountant,HR,4,4,4,4,3,2,3,4,4,4,4,4,4,4,4,3,3,4
Female,19-36,AA,bachler degree,1_2,Accountant,HR,3,5,4,4,5,4,4,4,4,3,5,4,5,4,5,4,4,5
Female,19-36,AA,Master degree,3_5,Accountant,HR,3,5,4,4,5,4,4,4,4,3,5,4,5,4,4,5,4,3
Female,19-36,AA,bachler degree,6_10,Accountant,HR,3,5,4,4,5,4,4,4,4,3,5,4,5,4,4,5,4,3
Male,37-52,AA,bachler degree,>10,Other,ESD,4,5,5,5,5,5,4,5,5,5,5,5,4,5,4,5,5,5
Male,19-36,AA,bachler degree,1_2,Accountant,HR,2,4,4,5,4,3,4,4,5,3,4,4,5,4,4,5,4,5
Female,19-36,AA,Master degree,6_10,Specialist,HR,4,4,4,4,4,4,3,4,4,4,4,4,4,4,4,4,4,4
Female,19-36,AA,Master degree,6_10,expert,HR,4,4,3,4,4,4,5,4,4,3,4,4,4,3,4,4,5,5
Male,37-52,AA,Master degree,>10,Leader,HR,3,3,3,4,5,3,3,4,4,4,4,5,3,3,4,4,4,4
Male,37-52,AA,bachler degree,>10,Supervisor,HR,3,5,3,3,5,4,5,3,3,5,4,3,5,3,3,5,5,4
Female,19-36,AA,Master degree,6_10,Specialist,HR,5,4,4,4,4,4,5,2,2,4,2,4,4,5,4,4,5,4
Male,19-36,AA,Master degree,>10,expert,HR,5,4,5,4,4,3,5,1,4,4,5,5,4,4,4,4,4,4
Female,37-52,AA,Master degree,>10,Supervisor,HR,5,3,3,4,4,3,3,3,3,5,5,3,3,3,3,3,4,5
Male,37-52,AA,Master degree,>10,Leader,HR,3,3,3,4,5,3,3,4,4,4,4,5,3,3,4,4,4,4
Female,37-52,AA,bachler degree,6_10,Specialist,HR,4,4,5,4,5,4,3,4,4,4,4,5,3,4,3,3,5,4
Female,37-52,AA,bachler degree,>10,Supervisor,HR,5,5,4,5,4,5,4,5,4,4,5,4,4,3,5,5,3,5
Male,19-36,AA,Master degree,6_10,Specialist,HR,4,4,4,4,4,4,3,3,4,3,4,4,4,4,4,4,3,4
Female,53-70,AA,Master degree,>10,Manager,HR,5,4,3,4,3,4,4,3,4,4,4,4,5,3,,4,4,4
Female,37-52,AA,Master degree,6_10,Specialist,HR,4,4,4,4,4,4,2,4,4,4,4,4,4,4,4,4,4,4
Female,19-36,AA,Master degree,6_10,Specialist,HR,4,4,4,4,4,4,2,4,4,2,4,4,4,4,4,4,4,4
Female,19-36,AA,Master degree,6_10,Specialist,HR,4,4,4,4,4,4,3,3,4,4,4,3,3,,3,4,5,5
Female,19-36,AA,Master degree,>10,Specialist,HR,4,4,4,4,4,4,2,4,4,2,4,4,4,4,4,4,4,4
Female,19-36,AA,bachler degree,6_10,Other,HR,4,4,4,4,4,4,5,5,4,4,4,5,4,4,4,4,4,4
Male,37-52  ,AA,bachler degree,6_10,Supervisor,HR,4,5,4,4,3,4,4,4,3,4,4,2,4,2,3,4,2,4
Female,37-52  ,AA,bachler degree,6_10,adminstrator,HR,3,4,3,4,2,4,5,5,4,1,3,2,2,4,3,3,2,1
Female,19-36,AA,bachler degree,1_2,expert,Accountant,2,1,4,1,4,4,4,4,1,4,,4,1,1,1,1,1,1
Female,19-36,AA,bachler degree,6_10,adminstrator,HR,4,4,3,4,3,4,4,3,3,3,4,4,4,4,3,3,4,4
Male,19-36,AA,bachler degree,6_10,Analyst,HR,4,4,2,4,4,4,4,4,4,4,4,4,4,4,4,4,4,5
Male,37-52  ,AA,bachler degree,6_10,Manager,HR,2,2,2,4,2,2,2,2,2,3,4,3,3,3,3,3,3,3
Male,37-52  ,AA,bachler degree,6_10,Manager,HR,5,5,4,5,3,3,3,5,5,5,2,2,2,2,2,2,5,5
,,,,,,,,,,,,,,,,,,,,,,,,
,,,,,,Item Total,131,138,129,136,137,130,127,129,130,127,134,134,131,120,123,133,131,135
,,,,,,Item Average,3.852941176,4.058823529,3.794117647,4,4.029411765,3.823529412,3.735294118,3.794117647,3.823529412,3.735294118,4.060606061,3.941176471,3.852941176,3.636363636,3.727272727,3.911764706,3.852941176,3.970588235
,,,,,,Average,3.901960784,,,,3.897058824,,,,3.853386809,,,3.810160428,,,3.865641711,,,
,,,,,,,,,,,,,,,,,,,,,,,,
,,,,,,,,,,,,,,,,,,,,,,,,
,,,,,,,Maturity Level,Average,,,,,,,,,,,,,,,,
,,,,,,,Intiating(1),3.901961,,,,,,,,,,,,,,,,
,,,,,,,Enabling(2),3.897059,,,,,,,,,,,,,,,,
,,,,,,,Integrating(3),3.853387,,,,,,,,,,,,,,,,
,,,,,,,Optimizing(4),3.81016,,,,,,,,,,,,,,,,
,,,,,,,Pioneerning(5),3.865642,,,,,,,,,,,,,,,,
,,,,,,,Average,3.8656418,,,,,,,,,,,,,,,,
