Sex, Age,Town,Employement,Annual Income,Educational level,Experience,Position,department,Stin1,Stin2,Stin3,Sten1,Sten2,Sten3 ,Sten4,StIt1,StIt2,StIt3,StIt4,StIt5,StIt6,StOp1,StOp2,StOp3,StOp4,StPi1,StP2,StPi3
Female,19-20,AA,employeed,"50,000-100000",bachler degree,>10,expert,Marketing,4,3,4,3,4,4,4,3,4,4,5,3,,4,3,4,4,3,5,5
Female,37-52,AA,employeed,10000-20000,bachler degree,10-Jun,PA,Marketing,4,3,4,3,4,4,4,3,,3,5,4,3,4,3,4,4,3,4,4
Male,19-36,AA,employeed,">100,000",Master degree,>10,Leader,wholesale,4,3,3,3,4,4,5,4,5,3,4,2,5,4,4,4,5,5,5,5
Male,19-36,AA,employeed,">100,000",Master degree,>10,Strategist,Operation,4,4,2,2,4,4,5,5,5,4,5,2,4,4,4,5,5,4,4,4
Female,37-52,AA,employeed,"20,000-50,000",Master degree,>10,Strategist,Operation,4,3,4,4,3,3,4,3,3,3,4,3,3,4,4,4,3,3,3,3
Male,19-36,AA,employeed,">100,000",Master degree,10-Jun,expert,Marketing,5,4,5,4,4,4,4,4,4,5,5,4,4,4,4,3,4,4,4,5
Male,19-36,AA,employeed,"20,000-50,000",bachler degree,10-Jun,Manager,strategy,5,4,3,4,5,3,5,5,5,4,5,4,5,4,4,4,4,4,5,5
Male,19-36,AA,employeed,"20,000-50,000",bachler degree,10-Jun,expert,strategy,5,4,4,4,4,3,4,5,4,4,5,4,4,5,4,4,2,4,4,4
Female,19-36,AA,employeed,"20,000-50,000",bachler degree,10-Jun,Strategist,wholesale,4,4,4,3,,3,4,3,3,3,3,3,3,4,4,3,3,3,4,4
Male,19-36,AA,employeed,">100,000",Master degree,10-Jun,Manager,strategy,5,5,3,5,5,2,5,5,5,3,5,4,5,5,4,5,5,5,4,5
Male,19-36,AA,employeed,">100,000",Master degree,10-Jun,Leader,strategy,5,5,4,5,5,2,5,5,5,3,5,4,5,5,4,5,5,5,4,5
Female,37-52,AA,employeed,"50,000-100000",Master degree,>10,supervisor,Marketing,5,5,5,2,5,4,5,5,4,4,5,4,5,5,5,5,5,5,5,5
Female,19-36,AA,employeed,"20,000-50,000",Bachler degree,10-Jun,expert,Marketing,4,3,4,4,4,4,3,4,3,3,3,3,3,4,4,3,3,3,3,3
Male,19-36,AA,employeed,"20,000-50,000",Bachler degree,10-Jun,expert,strategy,3,5,1,3,3,3,3,4,5,3,4,4,4,3,3,3,4,3,3,2
Female,37-52,AA,employeed,"50,000-100000",Master degree,>10,supervisor,Marketing,4,3,2,4,4,3,4,2,4,3,4,5,4,5,4,5,2,4,4,5
Female,37-52,AA,employeed,"50,000-100000",Master degree,>10,Specialist,Marketing,4,3,2,4,4,3,4,3,4,4,5,4,5,3,5,5,2,4,4,5
Male,37-52,AA,employeed,">100,000",bachler degree,>10,director,strategy,5,4,3,4,5,3,3,4,5,3,4,4,4,4,4,4,4,4,3,4
Male,37-52,AA,employeed,">100,000",bachler degree,>10,Analyst,Marketing,3,4,4,3,4,3,4,3,3,3,4,4,4,4,3,3,3,3,4,4
Female,19-36,AA,employeed,"20,000-50,000",Bachler degree,10-Jun,expert,strategy,4,3,4,4,4,4,4,5,5,4,4,5,4,4,3,5,4,5,4,4
Male,19-36,AA,employeed,"20,000-50,000",bachler degree,10-Jun,expert,SPM,4,4,4,4,4,4,2,5,5,3,5,5,3,5,5,5,4,4,4,4
Male,37-52,AA,employeed,">100,000",Master degree,>10,expert,Marketing,4,4,3,2,3,3,4,3,4,3,4,3,4,4,3,3,4,3,3,3
Male,,AA,employeed,">100,000",bachler degree,10-Jun,expert,Technical Policy and Process Management Specialist,4,4,3,3,4,4,4,4,3,4,3,3,4,3,3,3,3,4,3,3
Male,19-36,AA,employeed,"20,000-50,000",bachler degree,10-Jun,supervisor,strategy,5,2,2,2,2,3,3,3,2,2,5,5,4,2,4,2,2,2,4,5
Male,19-36,AA,employeed,">100,000",Master degree,>10,Manager,Marketing,5,5,5,5,5,5,5,5,5,4,4,5,5,5,5,5,5,5,5,5
Male,19-36,AA,employeed,"20,000-50,000",bachler degree,10-Jun,Technician,Customer Experience and Quality Management Division,4,5,4,4,5,5,5,5,5,4,4,4,4,4,4,3,4,4,4,5
Male,19-36,AA,employeed,">100,000",Master degree,10-Jun,expert,strategy,5,4,4,4,3,5,5,5,4,5,5,4,2,4,3,3,2,4,4,4
Male,37-52,AA,employeed,">100,000",Master degree,10-Jun,Manager,Marketing,4,3,4,4,4,3,4,4,3,4,4,3,4,3,4,3,4,4,4,3
Male,37-52,AA,employeed,"20,000-50,000",bachler degree,10-Jun,expert,strategy,3,3,2,4,3,3,4,3,3,3,4,3,4,4,3,3,4,4,3,3
Male,19-36,AA,employeed,10000-20000,Master degree,10-Jun,Specialist,strategy,4,4,3,,4,4,4,3,3,5,4,5,3,3,4,3,4,4,4,4
Female,37-52,AA,employeed,">100,000",Master degree,>10,Manager,MD,4,4,3,3,3,3,4,3,4,3,4,4,4,4,3,3,2,3,4,4
Female,37-52,AA,employeed,">100,000",bachler degree,>10,Specialist,Marketing,4,3,1,3,3,5,3,3,3,3,4,4,5,5,5,5,4,3,5,5
Female,19-36,AA,employeed,">100,000",Diploma,10-Jun,Technician,Customer Experience and Quality Management Division,4,5,4,4,4,5,5,5,5,4,4,4,4,4,4,3,4,4,4,5
Female,19-36,AA,employeed,"20,000-50,000",Bachler degree,>10,expert,Marketing,4,4,3,3,4,4,4,4,4,2,3,3,4,2,4,4,2,4,3,4
Male,53-70 ,AA,employeed,"20,000-50,000",Master degree,>10,expert,Marketing,3,3,3,4,4,3,3,3,3,4,3,4,4,4,4,4,4,4,4,3
Female,37-52,AA,employeed,"20,000-50,000",bachler degree,>10,expert,MD,5,1,3,4,2,2,4,4,5,3,3,2,4,2,3,3,2,2,3,3
Male,19-36,AA,employeed,"20,000-50,000",Master degree,10-Jun,expert,Operation,4,4,3,4,3,3,3,4,4,4,3,5,5,4,3,5,4,4,3,5
Female,19-36,AA,employeed,"20,000-50,000",Master degree,10-Jun,Specialist,Operation,4,4,4,4,4,4,3,4,4,4,4,4,4,4,4,4,3,3,3,4
Male,19-36,AA,employeed,"20,000-50,000",bachler degree,>10,Specialist,Marketing,4,4,5,3,4,4,3,5,3,4,3,4,4,5,4,4,4,5,5,5
Male,37-52,AA,employeed,">100,000",Master degree,>10,expert,Marketing,4,5,4,4,4,2,4,5,5,4,4,4,5,5,4,4,4,5,5,4
Female,19-36,AA,employeed,">100,000",Master degree,10-Jun,Analyst,strategy,4,4,3,4,3,3,4,3,3,5,5,4,4,5,4,3,4,4,5,5
Male,19-36,AA,employeed,"20,000-50,000",Master degree,10-Jun,expert,strategy,4,4,4,4,3,3,4,4,4,4,4,4,4,4,4,4,4,4,4,5
,,,,,,,,,,,,,,,,,,,,,,,,,,,,
,,,,,,,,Item Total,171,155,139,144,153,143,163,162,160,147,170,156,162,164,157,157,148,157,162,172
,,,,,,,,Item Average,4.170731707,3.780487805,3.390243902,3.6,3.825,3.487804878,3.975609756,3.951219512,4,3.585365854,4.146341463,3.804878049,4.05,4,3.829268293,3.829268293,3.609756098,3.829268293,3.951219512,4.195121951
,,,,,,,,,,,,,,,,,,,,,,,,,,,,
,,,,,,,,Average Level,,3.780487805,,,3.722103659,,,,,3.92296748,,,,,3.817073171,,,,3.991869919,
,,,,,,,,,,,,,,,,,,,,,,,,,,,,
,,,,,,,,,,,,,,,,,,,,,,,,,,,,
,,,,,,,,,,,Strategy and Policy,,,,,,,,,,,,,,,,,
,,,,,,,,,,,Maturity Level,Average,,,,,,,,,,,,,,,,
,,,,,,,,,,,Intiating(1),3.780488,,,,,,,,,,,,,,,,
,,,,,,,,,,,Enabling(2),3.722104,,,,,,,,,,,,,,,,
,,,,,,,,,,,Integrating(3),3.922967,,,,,,,,,,,,,,,,
,,,,,,,,,,,Optimizing(4),3.817073,,,,,,,,,,,,,,,,
,,,,,,,,,,,Pioneerning(5),3.922967,,,,,,,,,,,,,,,,
,,,,,,,,,,,Average,3.8331198,,,,,,,,,,,,,,,,
